https://instagram.com/darius_notes,2000,True
https://instagram.com/mamochki_i_detochki__?utm_medium=copy_link,500,True
https://instagram.com/super_eda_tut?igshid=YmMyMTA2M2Y=,500,True
https://instagram.com/killyourpatience,600,True
https://instagram.com/mamashvetka2?utm_medium=copy_link,25000,True
https://instagram.com/pra_original?igshid=YmMyMTA2M2Y=,700,True
https://instagram.com/yulia_poleznaya?igshid=YmMyMTA2M2Y=,450,True
https://instagram.com/leeraaluna?igshid=YWJhMjlhZTc=,1500,True
https://instagram.com/forest__room_?igshid=YmMyMTA2M2Y=,2100,True
https://instagram.com/lenchiklap,3000,True
https://instagram.com/mamka_nakazana,4000,True
https://instagram.com/strochka_an?igshid=YmMyMTA2M2Y=,2500,True
https://instagram.com/nataha_kosenko?igshid=Zjc2ZTc4Nzk=,4000,True
https://instagram.com/olya_wb_kolesnikova?igshid=YmMyMTA2M2Y=,65000,True
https://instagram.com/stepannikova_marina?igshid=Zjc2ZTc4Nzk=,4000,True
https://instagram.com/mishandkatya,6000,False
https://instagram.com/sladkay.mama?utm_medium=copy_link,35000,True
https://instagram.com/alena_slivina?igshid=k9y7k9iugnth,19000,True
https://instagram.com/8_julia_official_8?igshid=Zjc2ZTc4Nzk=,8000,False
https://instagram.com/kanfesta,15000,False
https://instagram.com/iragonyshko,2000,True
https://instagram.com/kalininamariya,38200,False
https://instagram.com/elina.elberdova?igshid=Zjc2ZTc4Nzk=,50000,True
